Official: nimal,nimal@gmail.com,ceo
Official: nimal,nimal@gmail.com,worker
Personal: kamal,kami,kamal@gmail.com,2022/04/23
Personal: Sunil,suni,sunil@gmail.com,2022/04/23
Official: nimal,nimal@gmail.com,worker
Official: lalitha,lalitha@gmail.com,secretary,2022/04/23
Personal: mala,mala,mala@gmail.com,2022/09/10
Personal: joel,jo,joel@gmail.com,2022/08/10
Personal: vihidun,vihi,mailclientdemo7@gmail.com,2022/08/09
Official: Tharoosha,mailclientdemo7@gmail.com,secretary,2022/08/13